{
  "media": [
    {
      "name": "seven",
      "category": "pen",
      "cost": 700
    },
    {
      "name": "Second",
      "category": "Electronics",
      "cost": 900
    },
    {
      "name": "Third",
      "category": "Games",
      "cost": 400
    },
    {
      "name": "Fourth",
      "category": "Music",
      "cost": 200
    },
    {
      "name": "six",
      "category": "qwe",
      "cost": 200
    },
    {
      "name": "eight",
      "category": "asd",
      "cost": 200
    }
  ]
}